{"cameraMode":{"drawMode":0,"name":"Shaded","section":"Shading Mode"},"sceneLighting":false,"audioPlay":false,"sceneViewState":{"showFog":true,"showMaterialUpdate":false,"showSkybox":false,"showFlares":true,"showImageEffects":true,"showParticleSystems":true},"in2DMode":false,"pivot":{"x":-0.2835175395011902,"y":12.07150650024414,"z":-24.085006713867189},"rotation":{"x":-0.003292594337835908,"y":0.10241808742284775,"z":-0.00033845080179162323,"w":-0.9947432279586792},"size":-0.6684898138046265,"orthographic":false}