{"cameraMode":{"drawMode":0,"name":"Shaded","section":"Shading Mode"},"sceneLighting":false,"audioPlay":false,"sceneViewState":{"showFog":true,"showMaterialUpdate":false,"showSkybox":false,"showFlares":true,"showImageEffects":true,"showParticleSystems":true},"in2DMode":false,"pivot":{"x":5.9411420822143559,"y":23.910470962524415,"z":-32.29850769042969},"rotation":{"x":-0.21551454067230225,"y":0.13339492678642274,"z":-0.029732977971434594,"w":-0.9668896794319153},"size":7.921082496643066,"orthographic":false}