{"cameraMode":{"drawMode":0,"name":"Shaded","section":"Shading Mode"},"sceneLighting":true,"audioPlay":false,"sceneViewState":{"showFog":true,"showMaterialUpdate":true,"showSkybox":true,"showFlares":true,"showImageEffects":true,"showParticleSystems":true},"in2DMode":false,"pivot":{"x":13.162229537963868,"y":14.94343090057373,"z":-3.4628820419311525},"rotation":{"x":0.03445667773485184,"y":0.042857807129621509,"z":0.0016747836489230395,"w":-0.9986070990562439},"size":53.19993209838867,"orthographic":false}