{"cameraMode":{"drawMode":0,"name":"Shaded","section":"Shading Mode"},"sceneLighting":false,"audioPlay":false,"sceneViewState":{"showFog":true,"showMaterialUpdate":false,"showSkybox":true,"showFlares":true,"showImageEffects":true,"showParticleSystems":true},"in2DMode":false,"pivot":{"x":-28.453693389892579,"y":9.526787757873536,"z":-7.146293640136719},"rotation":{"x":-0.18254493176937104,"y":0.15795323252677918,"z":-0.029654838144779207,"w":-0.9700144529342651},"size":69.71284484863281,"orthographic":false}