{"cameraMode":{"drawMode":0,"name":"Shaded","section":"Shading Mode"},"sceneLighting":false,"audioPlay":false,"sceneViewState":{"showFog":true,"showMaterialUpdate":false,"showSkybox":true,"showFlares":true,"showImageEffects":true,"showParticleSystems":true},"in2DMode":false,"pivot":{"x":-0.4074731469154358,"y":11.77859115600586,"z":-7.6530680656433109},"rotation":{"x":0.046743400394916537,"y":0.7691643834114075,"z":0.05663537606596947,"w":-0.6348191499710083},"size":42.974273681640628,"orthographic":false}