{"cameraMode":{"drawMode":0,"name":"Shaded","section":"Shading Mode"},"sceneLighting":true,"audioPlay":false,"sceneViewState":{"showFog":true,"showMaterialUpdate":true,"showSkybox":true,"showFlares":true,"showImageEffects":true,"showParticleSystems":true},"in2DMode":false,"pivot":{"x":11.995002746582032,"y":7.933149337768555,"z":-7.467912673950195},"rotation":{"x":-0.1562572717666626,"y":0.08820565789937973,"z":-0.013852844946086407,"w":-0.9837990999221802},"size":62.65888214111328,"orthographic":false}