{"cameraMode":{"drawMode":0,"name":"Shaded","section":"Shading Mode"},"sceneLighting":true,"audioPlay":false,"sceneViewState":{"showFog":true,"showMaterialUpdate":false,"showSkybox":true,"showFlares":true,"showImageEffects":true,"showParticleSystems":true},"in2DMode":false,"pivot":{"x":-1.4983116388320923,"y":1.9559597969055176,"z":6.098665714263916},"rotation":{"x":0.17611415684223176,"y":-0.12513591349124909,"z":0.022577667608857156,"w":0.9761331677436829},"size":26.970672607421876,"orthographic":false}