{"cameraMode":{"drawMode":0,"name":"Shaded","section":"Shading Mode"},"sceneLighting":true,"audioPlay":false,"sceneViewState":{"showFog":true,"showMaterialUpdate":true,"showSkybox":true,"showFlares":true,"showImageEffects":true,"showParticleSystems":true},"in2DMode":false,"pivot":{"x":-6.750829219818115,"y":30.413780212402345,"z":-1.8824706077575684},"rotation":{"x":0.13245786726474763,"y":-0.1000700518488884,"z":-0.01327719446271658,"w":-0.9861754775047302},"size":79.62037658691406,"orthographic":false}