{"cameraMode":{"drawMode":0,"name":"Shaded","section":"Shading Mode"},"sceneLighting":true,"audioPlay":false,"sceneViewState":{"showFog":true,"showMaterialUpdate":true,"showSkybox":true,"showFlares":true,"showImageEffects":true,"showParticleSystems":true},"in2DMode":false,"pivot":{"x":958.1221313476563,"y":338.087646484375,"z":-112.36884307861328},"rotation":{"x":-0.04647615924477577,"y":0.02937503345310688,"z":-0.0011179400607943535,"w":-0.9985965490341187},"size":1415.061767578125,"orthographic":false}