{"cameraMode":{"drawMode":0,"name":"Shaded","section":"Shading Mode"},"sceneLighting":true,"audioPlay":false,"sceneViewState":{"showFog":true,"showMaterialUpdate":true,"showSkybox":true,"showFlares":true,"showImageEffects":true,"showParticleSystems":true},"in2DMode":false,"pivot":{"x":7.590599536895752,"y":14.943025588989258,"z":0.8989503383636475},"rotation":{"x":-0.04647615924477577,"y":0.02937503345310688,"z":-0.0011179400607943535,"w":-0.9985965490341187},"size":56.61079406738281,"orthographic":false}