{"cameraMode":{"drawMode":0,"name":"Shaded","section":"Shading Mode"},"sceneLighting":true,"audioPlay":false,"sceneViewState":{"showFog":true,"showMaterialUpdate":false,"showSkybox":true,"showFlares":true,"showImageEffects":true,"showParticleSystems":true},"in2DMode":false,"pivot":{"x":-2.482834815979004,"y":9.55728530883789,"z":-4.564881324768066},"rotation":{"x":-0.23596477508544923,"y":0.28034889698028567,"z":-0.07114611566066742,"w":-0.9278141856193543},"size":30.79729461669922,"orthographic":false}