{"cameraMode":{"drawMode":0,"name":"Shaded","section":"Shading Mode"},"sceneLighting":true,"audioPlay":false,"sceneViewState":{"showFog":true,"showMaterialUpdate":true,"showSkybox":true,"showFlares":true,"showImageEffects":true,"showParticleSystems":true},"in2DMode":false,"pivot":{"x":7.591404914855957,"y":-0.148895263671875,"z":-2.230924129486084},"rotation":{"x":-0.1521039754152298,"y":-0.06279803812503815,"z":0.009880333207547665,"w":-0.9864485263824463},"size":99.5350570678711,"orthographic":false}