{"cameraMode":{"drawMode":0,"name":"Shaded","section":"Shading Mode"},"sceneLighting":true,"audioPlay":false,"sceneViewState":{"showFog":true,"showMaterialUpdate":false,"showSkybox":true,"showFlares":true,"showImageEffects":true,"showParticleSystems":true},"in2DMode":false,"pivot":{"x":4.668096542358398,"y":0.7988691329956055,"z":-1.5064001083374024},"rotation":{"x":-0.28899306058883669,"y":-0.0708467960357666,"z":0.02145995944738388,"w":-0.9544852375984192},"size":6.441659927368164,"orthographic":false}