{"cameraMode":{"drawMode":0,"name":"Shaded","section":"Shading Mode"},"sceneLighting":false,"audioPlay":false,"sceneViewState":{"showFog":true,"showMaterialUpdate":false,"showSkybox":false,"showFlares":true,"showImageEffects":true,"showParticleSystems":true},"in2DMode":false,"pivot":{"x":9.112228393554688,"y":23.17627716064453,"z":-12.925601959228516},"rotation":{"x":-0.013259688392281533,"y":0.19759337604045869,"z":-0.0025459493044763805,"w":-0.9802771210670471},"size":220.13552856445313,"orthographic":false}