{"cameraMode":{"drawMode":0,"name":"Shaded","section":"Shading Mode"},"sceneLighting":true,"audioPlay":false,"sceneViewState":{"showFog":true,"showMaterialUpdate":true,"showSkybox":true,"showFlares":true,"showImageEffects":true,"showParticleSystems":true},"in2DMode":false,"pivot":{"x":13.358322143554688,"y":19.821165084838868,"z":-2.2015585899353029},"rotation":{"x":-0.052389416843652728,"y":0.06379598379135132,"z":-0.0031597886700183155,"w":-0.9967470169067383},"size":85.2522201538086,"orthographic":false}