{"cameraMode":{"drawMode":0,"name":"Shaded","section":"Shading Mode"},"sceneLighting":true,"audioPlay":false,"sceneViewState":{"showFog":true,"showMaterialUpdate":true,"showSkybox":true,"showFlares":true,"showImageEffects":true,"showParticleSystems":true},"in2DMode":false,"pivot":{"x":6.582686424255371,"y":-1.6127779483795167,"z":-7.025243282318115},"rotation":{"x":-0.06387070566415787,"y":0.1382073163986206,"z":-0.008739728480577469,"w":-0.9884693026542664},"size":85.2522201538086,"orthographic":true}