{"cameraMode":{"drawMode":0,"name":"Shaded","section":"Shading Mode"},"sceneLighting":true,"audioPlay":false,"sceneViewState":{"showFog":true,"showMaterialUpdate":true,"showSkybox":true,"showFlares":true,"showImageEffects":true,"showParticleSystems":true},"in2DMode":false,"pivot":{"x":-0.5723981857299805,"y":19.164777755737306,"z":-4.774694442749023},"rotation":{"x":-0.13867515325546266,"y":0.16206678748130799,"z":-0.022892450913786889,"w":-0.9768485426902771},"size":62.65888214111328,"orthographic":false}