{"cameraMode":{"drawMode":0,"name":"Shaded","section":"Shading Mode"},"sceneLighting":false,"audioPlay":false,"sceneViewState":{"showFog":true,"showMaterialUpdate":false,"showSkybox":true,"showFlares":true,"showImageEffects":true,"showParticleSystems":true},"in2DMode":false,"pivot":{"x":9.967398643493653,"y":14.61865234375,"z":2.781501531600952},"rotation":{"x":0.09710719436407089,"y":-0.18549327552318574,"z":0.018424317240715028,"w":0.9776753783226013},"size":57.14643478393555,"orthographic":false}